<?xml version="1.0" encoding="utf-8" ?>
<dwsync>
<file name="siteheader.png" server="ftp.cdharrison.com//domains/cdharrisondesign.com/html/" local="128332439400000000" remote="128332439400000000" />
<file name="arrow.gif" server="ftp.cdharrison.com//domains/cdharrisondesign.com/html/" local="128332439400000000" remote="128332439400000000" />
<file name="bg.gif" server="ftp.cdharrison.com//domains/cdharrisondesign.com/html/" local="128332439400000000" remote="128332439400000000" />
<file name="focusbg.gif" server="ftp.cdharrison.com//domains/cdharrisondesign.com/html/" local="128332439400000000" remote="128332439400000000" />
<file name="ico.calendar.gif" server="ftp.cdharrison.com//domains/cdharrisondesign.com/html/" local="128332439400000000" remote="128332439400000000" />
<file name="ico.clock.gif" server="ftp.cdharrison.com//domains/cdharrisondesign.com/html/" local="128332439400000000" remote="128332439400000000" />
<file name="ico.comment.gif" server="ftp.cdharrison.com//domains/cdharrisondesign.com/html/" local="128332439400000000" remote="128332439400000000" />
<file name="ico.edit.gif" server="ftp.cdharrison.com//domains/cdharrisondesign.com/html/" local="128332439400000000" remote="128332439400000000" />
<file name="ico.permalink.gif" server="ftp.cdharrison.com//domains/cdharrisondesign.com/html/" local="128332439400000000" remote="128332439400000000" />
<file name="ico.search.gif" server="ftp.cdharrison.com//domains/cdharrisondesign.com/html/" local="128332439400000000" remote="128332439400000000" />
<file name="ico.tag.gif" server="ftp.cdharrison.com//domains/cdharrisondesign.com/html/" local="128332439400000000" remote="128332439400000000" />
<file name="ico.user.gif" server="ftp.cdharrison.com//domains/cdharrisondesign.com/html/" local="128332439400000000" remote="128332439400000000" />
<file name="ico.wht.admin.gif" server="ftp.cdharrison.com//domains/cdharrisondesign.com/html/" local="128332439400000000" remote="128332439400000000" />
<file name="ico.wht.link.gif" server="ftp.cdharrison.com//domains/cdharrisondesign.com/html/" local="128332439400000000" remote="128332439400000000" />
<file name="ico.wht.locked.gif" server="ftp.cdharrison.com//domains/cdharrisondesign.com/html/" local="128332439400000000" remote="128332439400000000" />
<file name="ico.wht.music.gif" server="ftp.cdharrison.com//domains/cdharrisondesign.com/html/" local="128332439400000000" remote="128332439400000000" />
<file name="ico.wht.rss.gif" server="ftp.cdharrison.com//domains/cdharrisondesign.com/html/" local="128332439400000000" remote="128332439400000000" />
<file name="arrow.gif" server="ftp.cdharrison.com/domains/cdharrison.com/html/" local="128332439400000000" remote="128672516600000000" />
<file name="bg.gif" server="ftp.cdharrison.com/domains/cdharrison.com/html/" local="128332439400000000" remote="128672516600000000" />
<file name="focusbg.gif" server="ftp.cdharrison.com/domains/cdharrison.com/html/" local="128332439400000000" remote="128672516610000000" />
<file name="ico.calendar.gif" server="ftp.cdharrison.com/domains/cdharrison.com/html/" local="128332439400000000" remote="128672516610000000" />
<file name="ico.clock.gif" server="ftp.cdharrison.com/domains/cdharrison.com/html/" local="128332439400000000" remote="128672516610000000" />
<file name="ico.comment.gif" server="ftp.cdharrison.com/domains/cdharrison.com/html/" local="128332439400000000" remote="128672516620000000" />
<file name="ico.edit.gif" server="ftp.cdharrison.com/domains/cdharrison.com/html/" local="128332439400000000" remote="128672516620000000" />
<file name="ico.permalink.gif" server="ftp.cdharrison.com/domains/cdharrison.com/html/" local="128332439400000000" remote="128672516630000000" />
<file name="ico.search.gif" server="ftp.cdharrison.com/domains/cdharrison.com/html/" local="128332439400000000" remote="128672516630000000" />
<file name="ico.tag.gif" server="ftp.cdharrison.com/domains/cdharrison.com/html/" local="128332439400000000" remote="128672516630000000" />
<file name="ico.user.gif" server="ftp.cdharrison.com/domains/cdharrison.com/html/" local="128332439400000000" remote="128672516640000000" />
<file name="ico.wht.admin.gif" server="ftp.cdharrison.com/domains/cdharrison.com/html/" local="128332439400000000" remote="128672516640000000" />
<file name="ico.wht.link.gif" server="ftp.cdharrison.com/domains/cdharrison.com/html/" local="128332439400000000" remote="128672516640000000" />
<file name="ico.wht.locked.gif" server="ftp.cdharrison.com/domains/cdharrison.com/html/" local="128332439400000000" remote="128672516650000000" />
<file name="ico.wht.music.gif" server="ftp.cdharrison.com/domains/cdharrison.com/html/" local="128332439400000000" remote="128672516650000000" />
<file name="ico.wht.rss.gif" server="ftp.cdharrison.com/domains/cdharrison.com/html/" local="128332439400000000" remote="128672516660000000" />
<file name="logo.blue.wordpress.gif" server="ftp.cdharrison.com/domains/cdharrison.com/html/" local="128202357000000000" remote="128672516660000000" />
<file name="siteheader.png" server="ftp.cdharrison.com/domains/cdharrison.com/html/" local="128332439400000000" remote="128672516670000000" />
</dwsync>