<?xml version="1.0" encoding="utf-8" ?>
<dwsync>
<file name="style.css" server="ftp.cdharrison.com//domains/cdharrisondesign.com/html/" local="128358936885781250" remote="128359081800000000" />
<file name="footer.php" server="ftp.cdharrison.com//domains/cdharrisondesign.com/html/" local="128358965131718750" remote="128359110000000000" />
<file name="header.php" server="ftp.cdharrison.com//domains/cdharrisondesign.com/html/" local="128358936313281250" remote="128359081200000000" />
<file name="sidebar.php" server="ftp.cdharrison.com//domains/cdharrisondesign.com/html/" local="128332439400000000" remote="128332439400000000" />
<file name="comments.php" server="ftp.cdharrison.com//domains/cdharrisondesign.com/html/" local="128332439400000000" remote="128332439400000000" />
<file name="links.php" server="ftp.cdharrison.com//domains/cdharrisondesign.com/html/" local="128332439400000000" remote="128332439400000000" />
<file name="404.php" server="ftp.cdharrison.com//domains/cdharrisondesign.com/html/" local="128332439400000000" remote="128332439400000000" />
<file name="archive.php" server="ftp.cdharrison.com//domains/cdharrisondesign.com/html/" local="128332439400000000" remote="128332439400000000" />
<file name="archives.php" server="ftp.cdharrison.com//domains/cdharrisondesign.com/html/" local="128332439400000000" remote="128332439400000000" />
<file name="contact.php" server="ftp.cdharrison.com//domains/cdharrisondesign.com/html/" local="128332439400000000" remote="128332439400000000" />
<file name="functions.php" server="ftp.cdharrison.com//domains/cdharrisondesign.com/html/" local="128332440600000000" remote="128332440600000000" />
<file name="index.php" server="ftp.cdharrison.com//domains/cdharrisondesign.com/html/" local="128332439400000000" remote="128332439400000000" />
<file name="page.php" server="ftp.cdharrison.com//domains/cdharrisondesign.com/html/" local="128332439400000000" remote="128332439400000000" />
<file name="screenshot.png" server="ftp.cdharrison.com//domains/cdharrisondesign.com/html/" local="128332439400000000" remote="128332439400000000" />
<file name="search.php" server="ftp.cdharrison.com//domains/cdharrisondesign.com/html/" local="128332439400000000" remote="128332439400000000" />
<file name="searchform.php" server="ftp.cdharrison.com//domains/cdharrisondesign.com/html/" local="128332439400000000" remote="128332439400000000" />
<file name="single.php" server="ftp.cdharrison.com//domains/cdharrisondesign.com/html/" local="128332439400000000" remote="128332439400000000" />
<file name="404.php" server="ftp.cdharrison.com/domains/cdharrison.com/html/" local="128332439400000000" remote="128672516550000000" />
<file name="archive.php" server="ftp.cdharrison.com/domains/cdharrison.com/html/" local="128332439400000000" remote="128672516550000000" />
<file name="archives.php" server="ftp.cdharrison.com/domains/cdharrison.com/html/" local="128332439400000000" remote="128672516550000000" />
<file name="comments.php" server="ftp.cdharrison.com/domains/cdharrison.com/html/" local="128332439400000000" remote="128672516560000000" />
<file name="contact.php" server="ftp.cdharrison.com/domains/cdharrison.com/html/" local="128332439400000000" remote="128672516560000000" />
<file name="COPYING.txt" server="ftp.cdharrison.com/domains/cdharrison.com/html/" local="128672513337187500" remote="128672516570000000" />
<file name="footer.php" server="ftp.cdharrison.com/domains/cdharrison.com/html/" local="128358965140000000" remote="128672516580000000" />
<file name="functions.php" server="ftp.cdharrison.com/domains/cdharrison.com/html/" local="128332440600000000" remote="128672516580000000" />
<file name="header.php" server="ftp.cdharrison.com/domains/cdharrison.com/html/" local="128358936320000000" remote="128672516590000000" />
<file name="index.php" server="ftp.cdharrison.com/domains/cdharrison.com/html/" local="128332439400000000" remote="128672516680000000" />
<file name="links.php" server="ftp.cdharrison.com/domains/cdharrison.com/html/" local="128332439400000000" remote="128672516690000000" />
<file name="page.php" server="ftp.cdharrison.com/domains/cdharrison.com/html/" local="128332439400000000" remote="128672516690000000" />
<file name="screenshot.png" server="ftp.cdharrison.com/domains/cdharrison.com/html/" local="128332439400000000" remote="128672516720000000" />
<file name="search.php" server="ftp.cdharrison.com/domains/cdharrison.com/html/" local="128332439400000000" remote="128672516730000000" />
<file name="searchform.php" server="ftp.cdharrison.com/domains/cdharrison.com/html/" local="128332439400000000" remote="128672516730000000" />
<file name="sidebar.php" server="ftp.cdharrison.com/domains/cdharrison.com/html/" local="128332439400000000" remote="128672516730000000" />
<file name="single.php" server="ftp.cdharrison.com/domains/cdharrison.com/html/" local="128332439400000000" remote="128672516740000000" />
<file name="style.css" server="ftp.cdharrison.com/domains/cdharrison.com/html/" local="128672529094062500" remote="128672529100000000" />
</dwsync>